--
-- PostgreSQL database dump
--

-- Dumped from database version 9.5.1
-- Dumped by pg_dump version 9.5.1

-- Started on 2016-04-10 23:42:18

SET statement_timeout = 0;
SET lock_timeout = 0;
SET client_encoding = 'UTF8';
SET standard_conforming_strings = on;
SET check_function_bodies = false;
SET client_min_messages = warning;
SET row_security = off;

--
-- TOC entry 1 (class 3079 OID 12355)
-- Name: plpgsql; Type: EXTENSION; Schema: -; Owner: 
--

CREATE EXTENSION IF NOT EXISTS plpgsql WITH SCHEMA pg_catalog;


--
-- TOC entry 2233 (class 0 OID 0)
-- Dependencies: 1
-- Name: EXTENSION plpgsql; Type: COMMENT; Schema: -; Owner: 
--

COMMENT ON EXTENSION plpgsql IS 'PL/pgSQL procedural language';


SET search_path = public, pg_catalog;

SET default_tablespace = '';

SET default_with_oids = false;

--
-- TOC entry 182 (class 1259 OID 16503)
-- Name: comments; Type: TABLE; Schema: public; Owner: rubyuser
--

CREATE TABLE comments (
    id integer NOT NULL,
    content text,
    created_at timestamp without time zone NOT NULL,
    updated_at timestamp without time zone NOT NULL,
    user_id integer,
    recipe_id integer
);


ALTER TABLE comments OWNER TO rubyuser;

--
-- TOC entry 181 (class 1259 OID 16501)
-- Name: comments_id_seq; Type: SEQUENCE; Schema: public; Owner: rubyuser
--

CREATE SEQUENCE comments_id_seq
    START WITH 1
    INCREMENT BY 1
    NO MINVALUE
    NO MAXVALUE
    CACHE 1;


ALTER TABLE comments_id_seq OWNER TO rubyuser;

--
-- TOC entry 2234 (class 0 OID 0)
-- Dependencies: 181
-- Name: comments_id_seq; Type: SEQUENCE OWNED BY; Schema: public; Owner: rubyuser
--

ALTER SEQUENCE comments_id_seq OWNED BY comments.id;


--
-- TOC entry 184 (class 1259 OID 16514)
-- Name: components; Type: TABLE; Schema: public; Owner: rubyuser
--

CREATE TABLE components (
    id integer NOT NULL,
    created_at timestamp without time zone NOT NULL,
    updated_at timestamp without time zone NOT NULL,
    ingredient_id integer,
    recipe_id integer,
    details character varying,
    amount character varying
);


ALTER TABLE components OWNER TO rubyuser;

--
-- TOC entry 183 (class 1259 OID 16512)
-- Name: components_id_seq; Type: SEQUENCE; Schema: public; Owner: rubyuser
--

CREATE SEQUENCE components_id_seq
    START WITH 1
    INCREMENT BY 1
    NO MINVALUE
    NO MAXVALUE
    CACHE 1;


ALTER TABLE components_id_seq OWNER TO rubyuser;

--
-- TOC entry 2235 (class 0 OID 0)
-- Dependencies: 183
-- Name: components_id_seq; Type: SEQUENCE OWNED BY; Schema: public; Owner: rubyuser
--

ALTER SEQUENCE components_id_seq OWNED BY components.id;


--
-- TOC entry 186 (class 1259 OID 16522)
-- Name: favorites_memberships; Type: TABLE; Schema: public; Owner: rubyuser
--

CREATE TABLE favorites_memberships (
    id integer NOT NULL,
    created_at timestamp without time zone NOT NULL,
    updated_at timestamp without time zone NOT NULL,
    user_id integer,
    recipe_id integer
);


ALTER TABLE favorites_memberships OWNER TO rubyuser;

--
-- TOC entry 185 (class 1259 OID 16520)
-- Name: favorites_memberships_id_seq; Type: SEQUENCE; Schema: public; Owner: rubyuser
--

CREATE SEQUENCE favorites_memberships_id_seq
    START WITH 1
    INCREMENT BY 1
    NO MINVALUE
    NO MAXVALUE
    CACHE 1;


ALTER TABLE favorites_memberships_id_seq OWNER TO rubyuser;

--
-- TOC entry 2236 (class 0 OID 0)
-- Dependencies: 185
-- Name: favorites_memberships_id_seq; Type: SEQUENCE OWNED BY; Schema: public; Owner: rubyuser
--

ALTER SEQUENCE favorites_memberships_id_seq OWNED BY favorites_memberships.id;


--
-- TOC entry 188 (class 1259 OID 16530)
-- Name: ingredient_ratings; Type: TABLE; Schema: public; Owner: rubyuser
--

CREATE TABLE ingredient_ratings (
    id integer NOT NULL,
    rating integer,
    expiration timestamp without time zone,
    created_at timestamp without time zone NOT NULL,
    updated_at timestamp without time zone NOT NULL,
    user_id integer,
    ingredient_id integer
);


ALTER TABLE ingredient_ratings OWNER TO rubyuser;

--
-- TOC entry 187 (class 1259 OID 16528)
-- Name: ingredient_ratings_id_seq; Type: SEQUENCE; Schema: public; Owner: rubyuser
--

CREATE SEQUENCE ingredient_ratings_id_seq
    START WITH 1
    INCREMENT BY 1
    NO MINVALUE
    NO MAXVALUE
    CACHE 1;


ALTER TABLE ingredient_ratings_id_seq OWNER TO rubyuser;

--
-- TOC entry 2237 (class 0 OID 0)
-- Dependencies: 187
-- Name: ingredient_ratings_id_seq; Type: SEQUENCE OWNED BY; Schema: public; Owner: rubyuser
--

ALTER SEQUENCE ingredient_ratings_id_seq OWNED BY ingredient_ratings.id;


--
-- TOC entry 190 (class 1259 OID 16538)
-- Name: ingredients; Type: TABLE; Schema: public; Owner: rubyuser
--

CREATE TABLE ingredients (
    id integer NOT NULL,
    name character varying,
    created_at timestamp without time zone NOT NULL,
    updated_at timestamp without time zone NOT NULL
);


ALTER TABLE ingredients OWNER TO rubyuser;

--
-- TOC entry 189 (class 1259 OID 16536)
-- Name: ingredients_id_seq; Type: SEQUENCE; Schema: public; Owner: rubyuser
--

CREATE SEQUENCE ingredients_id_seq
    START WITH 1
    INCREMENT BY 1
    NO MINVALUE
    NO MAXVALUE
    CACHE 1;


ALTER TABLE ingredients_id_seq OWNER TO rubyuser;

--
-- TOC entry 2238 (class 0 OID 0)
-- Dependencies: 189
-- Name: ingredients_id_seq; Type: SEQUENCE OWNED BY; Schema: public; Owner: rubyuser
--

ALTER SEQUENCE ingredients_id_seq OWNED BY ingredients.id;


--
-- TOC entry 192 (class 1259 OID 16549)
-- Name: my_recipes_memberships; Type: TABLE; Schema: public; Owner: rubyuser
--

CREATE TABLE my_recipes_memberships (
    id integer NOT NULL,
    created_at timestamp without time zone NOT NULL,
    updated_at timestamp without time zone NOT NULL,
    user_id integer,
    recipe_id integer
);


ALTER TABLE my_recipes_memberships OWNER TO rubyuser;

--
-- TOC entry 191 (class 1259 OID 16547)
-- Name: my_recipes_memberships_id_seq; Type: SEQUENCE; Schema: public; Owner: rubyuser
--

CREATE SEQUENCE my_recipes_memberships_id_seq
    START WITH 1
    INCREMENT BY 1
    NO MINVALUE
    NO MAXVALUE
    CACHE 1;


ALTER TABLE my_recipes_memberships_id_seq OWNER TO rubyuser;

--
-- TOC entry 2239 (class 0 OID 0)
-- Dependencies: 191
-- Name: my_recipes_memberships_id_seq; Type: SEQUENCE OWNED BY; Schema: public; Owner: rubyuser
--

ALTER SEQUENCE my_recipes_memberships_id_seq OWNED BY my_recipes_memberships.id;


--
-- TOC entry 194 (class 1259 OID 16557)
-- Name: recipe_ratings; Type: TABLE; Schema: public; Owner: rubyuser
--

CREATE TABLE recipe_ratings (
    id integer NOT NULL,
    quality integer,
    difficulty integer,
    "time" integer,
    created_at timestamp without time zone NOT NULL,
    updated_at timestamp without time zone NOT NULL,
    user_id integer,
    recipe_id integer
);


ALTER TABLE recipe_ratings OWNER TO rubyuser;

--
-- TOC entry 193 (class 1259 OID 16555)
-- Name: recipe_ratings_id_seq; Type: SEQUENCE; Schema: public; Owner: rubyuser
--

CREATE SEQUENCE recipe_ratings_id_seq
    START WITH 1
    INCREMENT BY 1
    NO MINVALUE
    NO MAXVALUE
    CACHE 1;


ALTER TABLE recipe_ratings_id_seq OWNER TO rubyuser;

--
-- TOC entry 2240 (class 0 OID 0)
-- Dependencies: 193
-- Name: recipe_ratings_id_seq; Type: SEQUENCE OWNED BY; Schema: public; Owner: rubyuser
--

ALTER SEQUENCE recipe_ratings_id_seq OWNED BY recipe_ratings.id;


--
-- TOC entry 196 (class 1259 OID 16565)
-- Name: recipes; Type: TABLE; Schema: public; Owner: rubyuser
--

CREATE TABLE recipes (
    id integer NOT NULL,
    name character varying,
    guide text,
    created_at timestamp without time zone NOT NULL,
    updated_at timestamp without time zone NOT NULL,
    user_id integer
);


ALTER TABLE recipes OWNER TO rubyuser;

--
-- TOC entry 195 (class 1259 OID 16563)
-- Name: recipes_id_seq; Type: SEQUENCE; Schema: public; Owner: rubyuser
--

CREATE SEQUENCE recipes_id_seq
    START WITH 1
    INCREMENT BY 1
    NO MINVALUE
    NO MAXVALUE
    CACHE 1;


ALTER TABLE recipes_id_seq OWNER TO rubyuser;

--
-- TOC entry 2241 (class 0 OID 0)
-- Dependencies: 195
-- Name: recipes_id_seq; Type: SEQUENCE OWNED BY; Schema: public; Owner: rubyuser
--

ALTER SEQUENCE recipes_id_seq OWNED BY recipes.id;


--
-- TOC entry 199 (class 1259 OID 16591)
-- Name: schema_migrations; Type: TABLE; Schema: public; Owner: rubyuser
--

CREATE TABLE schema_migrations (
    version character varying NOT NULL
);


ALTER TABLE schema_migrations OWNER TO rubyuser;

--
-- TOC entry 198 (class 1259 OID 16577)
-- Name: users; Type: TABLE; Schema: public; Owner: rubyuser
--

CREATE TABLE users (
    id integer NOT NULL,
    email character varying,
    created_at timestamp without time zone NOT NULL,
    updated_at timestamp without time zone NOT NULL,
    password_digest character varying,
    username character varying
);


ALTER TABLE users OWNER TO rubyuser;

--
-- TOC entry 197 (class 1259 OID 16575)
-- Name: users_id_seq; Type: SEQUENCE; Schema: public; Owner: rubyuser
--

CREATE SEQUENCE users_id_seq
    START WITH 1
    INCREMENT BY 1
    NO MINVALUE
    NO MAXVALUE
    CACHE 1;


ALTER TABLE users_id_seq OWNER TO rubyuser;

--
-- TOC entry 2242 (class 0 OID 0)
-- Dependencies: 197
-- Name: users_id_seq; Type: SEQUENCE OWNED BY; Schema: public; Owner: rubyuser
--

ALTER SEQUENCE users_id_seq OWNED BY users.id;


--
-- TOC entry 2039 (class 2604 OID 16506)
-- Name: id; Type: DEFAULT; Schema: public; Owner: rubyuser
--

ALTER TABLE ONLY comments ALTER COLUMN id SET DEFAULT nextval('comments_id_seq'::regclass);


--
-- TOC entry 2040 (class 2604 OID 16517)
-- Name: id; Type: DEFAULT; Schema: public; Owner: rubyuser
--

ALTER TABLE ONLY components ALTER COLUMN id SET DEFAULT nextval('components_id_seq'::regclass);


--
-- TOC entry 2041 (class 2604 OID 16525)
-- Name: id; Type: DEFAULT; Schema: public; Owner: rubyuser
--

ALTER TABLE ONLY favorites_memberships ALTER COLUMN id SET DEFAULT nextval('favorites_memberships_id_seq'::regclass);


--
-- TOC entry 2042 (class 2604 OID 16533)
-- Name: id; Type: DEFAULT; Schema: public; Owner: rubyuser
--

ALTER TABLE ONLY ingredient_ratings ALTER COLUMN id SET DEFAULT nextval('ingredient_ratings_id_seq'::regclass);


--
-- TOC entry 2043 (class 2604 OID 16541)
-- Name: id; Type: DEFAULT; Schema: public; Owner: rubyuser
--

ALTER TABLE ONLY ingredients ALTER COLUMN id SET DEFAULT nextval('ingredients_id_seq'::regclass);


--
-- TOC entry 2044 (class 2604 OID 16552)
-- Name: id; Type: DEFAULT; Schema: public; Owner: rubyuser
--

ALTER TABLE ONLY my_recipes_memberships ALTER COLUMN id SET DEFAULT nextval('my_recipes_memberships_id_seq'::regclass);


--
-- TOC entry 2045 (class 2604 OID 16560)
-- Name: id; Type: DEFAULT; Schema: public; Owner: rubyuser
--

ALTER TABLE ONLY recipe_ratings ALTER COLUMN id SET DEFAULT nextval('recipe_ratings_id_seq'::regclass);


--
-- TOC entry 2046 (class 2604 OID 16568)
-- Name: id; Type: DEFAULT; Schema: public; Owner: rubyuser
--

ALTER TABLE ONLY recipes ALTER COLUMN id SET DEFAULT nextval('recipes_id_seq'::regclass);


--
-- TOC entry 2047 (class 2604 OID 16580)
-- Name: id; Type: DEFAULT; Schema: public; Owner: rubyuser
--

ALTER TABLE ONLY users ALTER COLUMN id SET DEFAULT nextval('users_id_seq'::regclass);


--
-- TOC entry 2208 (class 0 OID 16503)
-- Dependencies: 182
-- Data for Name: comments; Type: TABLE DATA; Schema: public; Owner: rubyuser
--

COPY comments (id, content, created_at, updated_at, user_id, recipe_id) FROM stdin;
\.


--
-- TOC entry 2243 (class 0 OID 0)
-- Dependencies: 181
-- Name: comments_id_seq; Type: SEQUENCE SET; Schema: public; Owner: rubyuser
--

SELECT pg_catalog.setval('comments_id_seq', 1, false);


--
-- TOC entry 2210 (class 0 OID 16514)
-- Dependencies: 184
-- Data for Name: components; Type: TABLE DATA; Schema: public; Owner: rubyuser
--

COPY components (id, created_at, updated_at, ingredient_id, recipe_id, details, amount) FROM stdin;
13	2016-04-10 20:05:26	2016-04-10 20:05:26	10	33	pliecko	500g
14	2016-04-10 20:05:26	2016-04-10 20:05:26	15	33	biele	500g
15	2016-04-10 20:05:26	2016-04-10 20:05:26	13	33	žlta	150g
16	2016-04-10 20:05:26	2016-04-10 20:05:26	12	33	mletá pikantná	na dochutenie
17	2016-04-10 20:09:49	2016-04-10 20:09:49	15	34	biele	750g
18	2016-04-10 20:09:49	2016-04-10 20:09:49	14	34	hladká	300g
19	2016-04-10 20:09:49	2016-04-10 20:09:49	6	34	slanina	100g
20	2016-04-10 20:09:49	2016-04-10 20:09:49	4	34	bryndza	150g
21	2016-04-10 20:09:49	2016-04-10 20:09:49	4	34	soľ	na dochutenie
22	2016-04-10 21:25:46	2016-04-10 21:25:46	14	35	polohruba	500g
23	2016-04-10 21:25:46	2016-04-10 21:25:46	18	35	rastlinny	100ml
24	2016-04-10 21:25:46	2016-04-10 21:25:46	4	35	mak	200g
25	2016-04-10 21:27:32	2016-04-10 21:27:32	6	36	Rezen	3ks
26	2016-04-10 21:27:32	2016-04-10 21:27:32	15	36	biele	500g
27	2016-04-10 21:27:32	2016-04-10 21:27:32	4	36	Vajce	1ks
28	2016-04-10 21:27:32	2016-04-10 21:27:32	4	36	Struhanka	50g
29	2016-04-10 21:27:32	2016-04-10 21:27:32	4	36	soľ	na dochutenie
\.


--
-- TOC entry 2244 (class 0 OID 0)
-- Dependencies: 183
-- Name: components_id_seq; Type: SEQUENCE SET; Schema: public; Owner: rubyuser
--

SELECT pg_catalog.setval('components_id_seq', 29, true);


--
-- TOC entry 2212 (class 0 OID 16522)
-- Dependencies: 186
-- Data for Name: favorites_memberships; Type: TABLE DATA; Schema: public; Owner: rubyuser
--

COPY favorites_memberships (id, created_at, updated_at, user_id, recipe_id) FROM stdin;
\.


--
-- TOC entry 2245 (class 0 OID 0)
-- Dependencies: 185
-- Name: favorites_memberships_id_seq; Type: SEQUENCE SET; Schema: public; Owner: rubyuser
--

SELECT pg_catalog.setval('favorites_memberships_id_seq', 1, false);


--
-- TOC entry 2214 (class 0 OID 16530)
-- Dependencies: 188
-- Data for Name: ingredient_ratings; Type: TABLE DATA; Schema: public; Owner: rubyuser
--

COPY ingredient_ratings (id, rating, expiration, created_at, updated_at, user_id, ingredient_id) FROM stdin;
\.


--
-- TOC entry 2246 (class 0 OID 0)
-- Dependencies: 187
-- Name: ingredient_ratings_id_seq; Type: SEQUENCE SET; Schema: public; Owner: rubyuser
--

SELECT pg_catalog.setval('ingredient_ratings_id_seq', 1, false);


--
-- TOC entry 2216 (class 0 OID 16538)
-- Dependencies: 190
-- Data for Name: ingredients; Type: TABLE DATA; Schema: public; Owner: rubyuser
--

COPY ingredients (id, name, created_at, updated_at) FROM stdin;
5	Cestoviny	2016-04-09 17:03:49	2016-04-09 17:03:49
6	Bravčové	2016-04-09 17:03:49	2016-04-09 17:03:49
9	Kuracie	2016-04-09 17:03:49	2016-04-09 17:03:49
4	Iné	2016-04-09 17:03:49	2016-04-09 17:03:49
12	Paprika	2016-04-09 17:03:49	2016-04-09 17:03:49
13	Cibuľa	2016-04-09 17:03:49	2016-04-09 17:03:49
14	Múka	2016-04-09 17:03:49	2016-04-09 17:03:49
15	Zemiaky	2016-04-09 17:03:49	2016-04-09 17:03:49
16	Ryža	2016-04-09 17:03:49	2016-04-09 17:03:49
10	Hovädzie	2016-04-09 17:03:49	2016-04-09 17:03:49
11	Paradajky	2016-04-09 17:03:49	2016-04-09 17:03:49
17	Maslo	2016-04-09 17:03:49	2016-04-09 17:03:49
18	Olej	2016-04-09 17:03:49	2016-04-09 17:03:49
19	Ocot	2016-04-09 17:03:49	2016-04-09 17:03:49
20	Jablká	2016-04-09 17:03:49	2016-04-09 17:03:49
21	Hrušky	2016-04-09 17:03:49	2016-04-09 17:03:49
22	Marhule	2016-04-09 17:03:49	2016-04-09 17:03:49
23	Slivky	2016-04-09 17:03:49	2016-04-09 17:03:49
\.


--
-- TOC entry 2247 (class 0 OID 0)
-- Dependencies: 189
-- Name: ingredients_id_seq; Type: SEQUENCE SET; Schema: public; Owner: rubyuser
--

SELECT pg_catalog.setval('ingredients_id_seq', 23, true);


--
-- TOC entry 2218 (class 0 OID 16549)
-- Dependencies: 192
-- Data for Name: my_recipes_memberships; Type: TABLE DATA; Schema: public; Owner: rubyuser
--

COPY my_recipes_memberships (id, created_at, updated_at, user_id, recipe_id) FROM stdin;
\.


--
-- TOC entry 2248 (class 0 OID 0)
-- Dependencies: 191
-- Name: my_recipes_memberships_id_seq; Type: SEQUENCE SET; Schema: public; Owner: rubyuser
--

SELECT pg_catalog.setval('my_recipes_memberships_id_seq', 1, true);


--
-- TOC entry 2220 (class 0 OID 16557)
-- Dependencies: 194
-- Data for Name: recipe_ratings; Type: TABLE DATA; Schema: public; Owner: rubyuser
--

COPY recipe_ratings (id, quality, difficulty, "time", created_at, updated_at, user_id, recipe_id) FROM stdin;
\.


--
-- TOC entry 2249 (class 0 OID 0)
-- Dependencies: 193
-- Name: recipe_ratings_id_seq; Type: SEQUENCE SET; Schema: public; Owner: rubyuser
--

SELECT pg_catalog.setval('recipe_ratings_id_seq', 1, false);


--
-- TOC entry 2222 (class 0 OID 16565)
-- Dependencies: 196
-- Data for Name: recipes; Type: TABLE DATA; Schema: public; Owner: rubyuser
--

COPY recipes (id, name, guide, created_at, updated_at, user_id) FROM stdin;
33	Hovadzi gulas	<placeholder>	2016-04-10 20:05:26	2016-04-10 20:05:26	15
34	Bryndzove halusky	Ošúpané zemiaky postrúhame, posolíme a pridáme múku a cesto dôkladne premiešame. Cesto pretláčame cez sito s veľkými otvormi do vriacej posolenej vody. Keď halušky vyplávajú, vyberieme ich dierkovanou naberačkou.\r\n\r\nNa tanieri halušky premiešame s bryndzou a polejeme vyškvarenou slaninou.	2016-04-10 20:09:49	2016-04-10 20:09:49	15
35	Makovnik	<placeholder>	2016-04-10 21:25:46	2016-04-10 21:25:46	13
36	Rezen	<placeholder>	2016-04-10 21:27:32	2016-04-10 21:27:32	13
\.


--
-- TOC entry 2250 (class 0 OID 0)
-- Dependencies: 195
-- Name: recipes_id_seq; Type: SEQUENCE SET; Schema: public; Owner: rubyuser
--

SELECT pg_catalog.setval('recipes_id_seq', 36, true);


--
-- TOC entry 2225 (class 0 OID 16591)
-- Dependencies: 199
-- Data for Name: schema_migrations; Type: TABLE DATA; Schema: public; Owner: rubyuser
--

COPY schema_migrations (version) FROM stdin;
20160404185601
20160402103025
20160402151911
20160404104357
20160404182739
20160404182917
20160404183005
20160404183156
20160404183241
20160404183302
20160404200638
20160407154133
20160407155701
20160407171415
20160407172308
20160410111549
\.


--
-- TOC entry 2224 (class 0 OID 16577)
-- Dependencies: 198
-- Data for Name: users; Type: TABLE DATA; Schema: public; Owner: rubyuser
--

COPY users (id, email, created_at, updated_at, password_digest, username) FROM stdin;
13	stefanmotko@gmail.com	2016-04-09 15:59:13	2016-04-09 15:59:13	$2a$10$y9Tohk7hk9xFodfBYov11uBZ4aAOYbm4L5qCfpJNaGzeLhrEYfQpq	stefan
15	janko.hrasko@azet.sk	2016-04-10 19:38:40	2016-04-10 19:38:40	$2a$10$ojreTsHee7O65SbryHvyJO5tygymZkI4lNGEKI0XserZuot/dTw9G	janko
\.


--
-- TOC entry 2251 (class 0 OID 0)
-- Dependencies: 197
-- Name: users_id_seq; Type: SEQUENCE SET; Schema: public; Owner: rubyuser
--

SELECT pg_catalog.setval('users_id_seq', 15, true);


--
-- TOC entry 2049 (class 2606 OID 16511)
-- Name: comments_pkey; Type: CONSTRAINT; Schema: public; Owner: rubyuser
--

ALTER TABLE ONLY comments
    ADD CONSTRAINT comments_pkey PRIMARY KEY (id);


--
-- TOC entry 2053 (class 2606 OID 16519)
-- Name: components_pkey; Type: CONSTRAINT; Schema: public; Owner: rubyuser
--

ALTER TABLE ONLY components
    ADD CONSTRAINT components_pkey PRIMARY KEY (id);


--
-- TOC entry 2057 (class 2606 OID 16527)
-- Name: favorites_memberships_pkey; Type: CONSTRAINT; Schema: public; Owner: rubyuser
--

ALTER TABLE ONLY favorites_memberships
    ADD CONSTRAINT favorites_memberships_pkey PRIMARY KEY (id);


--
-- TOC entry 2063 (class 2606 OID 16535)
-- Name: ingredient_ratings_pkey; Type: CONSTRAINT; Schema: public; Owner: rubyuser
--

ALTER TABLE ONLY ingredient_ratings
    ADD CONSTRAINT ingredient_ratings_pkey PRIMARY KEY (id);


--
-- TOC entry 2065 (class 2606 OID 16546)
-- Name: ingredients_pkey; Type: CONSTRAINT; Schema: public; Owner: rubyuser
--

ALTER TABLE ONLY ingredients
    ADD CONSTRAINT ingredients_pkey PRIMARY KEY (id);


--
-- TOC entry 2069 (class 2606 OID 16554)
-- Name: my_recipes_memberships_pkey; Type: CONSTRAINT; Schema: public; Owner: rubyuser
--

ALTER TABLE ONLY my_recipes_memberships
    ADD CONSTRAINT my_recipes_memberships_pkey PRIMARY KEY (id);


--
-- TOC entry 2073 (class 2606 OID 16562)
-- Name: recipe_ratings_pkey; Type: CONSTRAINT; Schema: public; Owner: rubyuser
--

ALTER TABLE ONLY recipe_ratings
    ADD CONSTRAINT recipe_ratings_pkey PRIMARY KEY (id);


--
-- TOC entry 2076 (class 2606 OID 16573)
-- Name: recipes_pkey; Type: CONSTRAINT; Schema: public; Owner: rubyuser
--

ALTER TABLE ONLY recipes
    ADD CONSTRAINT recipes_pkey PRIMARY KEY (id);


--
-- TOC entry 2078 (class 2606 OID 16585)
-- Name: users_pkey; Type: CONSTRAINT; Schema: public; Owner: rubyuser
--

ALTER TABLE ONLY users
    ADD CONSTRAINT users_pkey PRIMARY KEY (id);


--
-- TOC entry 2050 (class 1259 OID 16611)
-- Name: index_comments_on_recipe_id; Type: INDEX; Schema: public; Owner: rubyuser
--

CREATE INDEX index_comments_on_recipe_id ON comments USING btree (recipe_id);


--
-- TOC entry 2051 (class 1259 OID 16605)
-- Name: index_comments_on_user_id; Type: INDEX; Schema: public; Owner: rubyuser
--

CREATE INDEX index_comments_on_user_id ON comments USING btree (user_id);


--
-- TOC entry 2054 (class 1259 OID 16617)
-- Name: index_components_on_ingredient_id; Type: INDEX; Schema: public; Owner: rubyuser
--

CREATE INDEX index_components_on_ingredient_id ON components USING btree (ingredient_id);


--
-- TOC entry 2055 (class 1259 OID 16623)
-- Name: index_components_on_recipe_id; Type: INDEX; Schema: public; Owner: rubyuser
--

CREATE INDEX index_components_on_recipe_id ON components USING btree (recipe_id);


--
-- TOC entry 2058 (class 1259 OID 16635)
-- Name: index_favorites_memberships_on_recipe_id; Type: INDEX; Schema: public; Owner: rubyuser
--

CREATE INDEX index_favorites_memberships_on_recipe_id ON favorites_memberships USING btree (recipe_id);


--
-- TOC entry 2059 (class 1259 OID 16629)
-- Name: index_favorites_memberships_on_user_id; Type: INDEX; Schema: public; Owner: rubyuser
--

CREATE INDEX index_favorites_memberships_on_user_id ON favorites_memberships USING btree (user_id);


--
-- TOC entry 2060 (class 1259 OID 16647)
-- Name: index_ingredient_ratings_on_ingredient_id; Type: INDEX; Schema: public; Owner: rubyuser
--

CREATE INDEX index_ingredient_ratings_on_ingredient_id ON ingredient_ratings USING btree (ingredient_id);


--
-- TOC entry 2061 (class 1259 OID 16641)
-- Name: index_ingredient_ratings_on_user_id; Type: INDEX; Schema: public; Owner: rubyuser
--

CREATE INDEX index_ingredient_ratings_on_user_id ON ingredient_ratings USING btree (user_id);


--
-- TOC entry 2066 (class 1259 OID 16659)
-- Name: index_my_recipes_memberships_on_recipe_id; Type: INDEX; Schema: public; Owner: rubyuser
--

CREATE INDEX index_my_recipes_memberships_on_recipe_id ON my_recipes_memberships USING btree (recipe_id);


--
-- TOC entry 2067 (class 1259 OID 16653)
-- Name: index_my_recipes_memberships_on_user_id; Type: INDEX; Schema: public; Owner: rubyuser
--

CREATE INDEX index_my_recipes_memberships_on_user_id ON my_recipes_memberships USING btree (user_id);


--
-- TOC entry 2070 (class 1259 OID 16671)
-- Name: index_recipe_ratings_on_recipe_id; Type: INDEX; Schema: public; Owner: rubyuser
--

CREATE INDEX index_recipe_ratings_on_recipe_id ON recipe_ratings USING btree (recipe_id);


--
-- TOC entry 2071 (class 1259 OID 16665)
-- Name: index_recipe_ratings_on_user_id; Type: INDEX; Schema: public; Owner: rubyuser
--

CREATE INDEX index_recipe_ratings_on_user_id ON recipe_ratings USING btree (user_id);


--
-- TOC entry 2074 (class 1259 OID 16574)
-- Name: index_recipes_on_user_id; Type: INDEX; Schema: public; Owner: rubyuser
--

CREATE INDEX index_recipes_on_user_id ON recipes USING btree (user_id);


--
-- TOC entry 2079 (class 1259 OID 16597)
-- Name: unique_schema_migrations; Type: INDEX; Schema: public; Owner: rubyuser
--

CREATE UNIQUE INDEX unique_schema_migrations ON schema_migrations USING btree (version);


--
-- TOC entry 2080 (class 2606 OID 16606)
-- Name: fk_rails_03de2dc08c; Type: FK CONSTRAINT; Schema: public; Owner: rubyuser
--

ALTER TABLE ONLY comments
    ADD CONSTRAINT fk_rails_03de2dc08c FOREIGN KEY (user_id) REFERENCES users(id);


--
-- TOC entry 2084 (class 2606 OID 16630)
-- Name: fk_rails_27a6ef5b68; Type: FK CONSTRAINT; Schema: public; Owner: rubyuser
--

ALTER TABLE ONLY favorites_memberships
    ADD CONSTRAINT fk_rails_27a6ef5b68 FOREIGN KEY (user_id) REFERENCES users(id);


--
-- TOC entry 2086 (class 2606 OID 16642)
-- Name: fk_rails_2a5a9692a1; Type: FK CONSTRAINT; Schema: public; Owner: rubyuser
--

ALTER TABLE ONLY ingredient_ratings
    ADD CONSTRAINT fk_rails_2a5a9692a1 FOREIGN KEY (user_id) REFERENCES users(id);


--
-- TOC entry 2082 (class 2606 OID 16618)
-- Name: fk_rails_3f028c9b58; Type: FK CONSTRAINT; Schema: public; Owner: rubyuser
--

ALTER TABLE ONLY components
    ADD CONSTRAINT fk_rails_3f028c9b58 FOREIGN KEY (ingredient_id) REFERENCES ingredients(id);


--
-- TOC entry 2091 (class 2606 OID 16672)
-- Name: fk_rails_4b6383a20f; Type: FK CONSTRAINT; Schema: public; Owner: rubyuser
--

ALTER TABLE ONLY recipe_ratings
    ADD CONSTRAINT fk_rails_4b6383a20f FOREIGN KEY (recipe_id) REFERENCES recipes(id);


--
-- TOC entry 2090 (class 2606 OID 16666)
-- Name: fk_rails_4d9624b12a; Type: FK CONSTRAINT; Schema: public; Owner: rubyuser
--

ALTER TABLE ONLY recipe_ratings
    ADD CONSTRAINT fk_rails_4d9624b12a FOREIGN KEY (user_id) REFERENCES users(id);


--
-- TOC entry 2088 (class 2606 OID 16654)
-- Name: fk_rails_5eba0a6b6b; Type: FK CONSTRAINT; Schema: public; Owner: rubyuser
--

ALTER TABLE ONLY my_recipes_memberships
    ADD CONSTRAINT fk_rails_5eba0a6b6b FOREIGN KEY (user_id) REFERENCES users(id);


--
-- TOC entry 2089 (class 2606 OID 16660)
-- Name: fk_rails_79c448ece0; Type: FK CONSTRAINT; Schema: public; Owner: rubyuser
--

ALTER TABLE ONLY my_recipes_memberships
    ADD CONSTRAINT fk_rails_79c448ece0 FOREIGN KEY (recipe_id) REFERENCES recipes(id);


--
-- TOC entry 2092 (class 2606 OID 16586)
-- Name: fk_rails_9606fce865; Type: FK CONSTRAINT; Schema: public; Owner: rubyuser
--

ALTER TABLE ONLY recipes
    ADD CONSTRAINT fk_rails_9606fce865 FOREIGN KEY (user_id) REFERENCES users(id);


--
-- TOC entry 2083 (class 2606 OID 16624)
-- Name: fk_rails_9ddaab4c53; Type: FK CONSTRAINT; Schema: public; Owner: rubyuser
--

ALTER TABLE ONLY components
    ADD CONSTRAINT fk_rails_9ddaab4c53 FOREIGN KEY (recipe_id) REFERENCES recipes(id);


--
-- TOC entry 2085 (class 2606 OID 16636)
-- Name: fk_rails_c90d0060a6; Type: FK CONSTRAINT; Schema: public; Owner: rubyuser
--

ALTER TABLE ONLY favorites_memberships
    ADD CONSTRAINT fk_rails_c90d0060a6 FOREIGN KEY (recipe_id) REFERENCES recipes(id);


--
-- TOC entry 2087 (class 2606 OID 16648)
-- Name: fk_rails_d38393cef3; Type: FK CONSTRAINT; Schema: public; Owner: rubyuser
--

ALTER TABLE ONLY ingredient_ratings
    ADD CONSTRAINT fk_rails_d38393cef3 FOREIGN KEY (ingredient_id) REFERENCES ingredients(id);


--
-- TOC entry 2081 (class 2606 OID 16612)
-- Name: fk_rails_fa790d5166; Type: FK CONSTRAINT; Schema: public; Owner: rubyuser
--

ALTER TABLE ONLY comments
    ADD CONSTRAINT fk_rails_fa790d5166 FOREIGN KEY (recipe_id) REFERENCES recipes(id);


--
-- TOC entry 2232 (class 0 OID 0)
-- Dependencies: 6
-- Name: public; Type: ACL; Schema: -; Owner: postgres
--

REVOKE ALL ON SCHEMA public FROM PUBLIC;
REVOKE ALL ON SCHEMA public FROM postgres;
GRANT ALL ON SCHEMA public TO postgres;
GRANT ALL ON SCHEMA public TO PUBLIC;


-- Completed on 2016-04-10 23:42:18

--
-- PostgreSQL database dump complete
--

